{
  "schema": "continuum.baseline/v1",
  "created_at": "2026-01-09T14:43:59.506079279+01:00",
  "run_id": "20260109_143501",
  "fields": {
    "atmosphere.cloud_map": {
      "stats": {
        "min": 0.0,
        "max": 0.0,
        "mean": 0.0,
        "median": 0.0,
        "std_dev": 0.0,
        "variance": 0.0
      },
      "tick": 15,
      "sample_count": 1
    },
    "atmosphere.co2_map": {
      "stats": {
        "min": 280.0,
        "max": 280.0,
        "mean": 280.0,
        "median": 280.0,
        "std_dev": 0.0,
        "variance": 0.0
      },
      "tick": 15,
      "sample_count": 1
    },
    "atmosphere.temperature": {
      "stats": {
        "min": 50.0,
        "max": 50.0,
        "mean": 50.0,
        "median": 50.0,
        "std_dev": 0.0,
        "variance": 0.0
      },
      "tick": 15,
      "sample_count": 1
    },
    "atmosphere.water_vapor_map": {
      "stats": {
        "min": 4.224446307197161e-85,
        "max": 4.224446307197161e-85,
        "mean": 4.224446307197161e-85,
        "median": 4.224446307197161e-85,
        "std_dev": 0.0,
        "variance": 0.0
      },
      "tick": 15,
      "sample_count": 1
    },
    "density.crustal": {
      "stats": {
        "min": 2700.0,
        "max": 2700.0,
        "mean": 2700.0,
        "median": 2700.0,
        "std_dev": 0.0,
        "variance": 0.0
      },
      "tick": 15,
      "sample_count": 1
    },
    "ecology.biomass_map": {
      "stats": {
        "min": 38.1,
        "max": 38.1,
        "mean": 38.1,
        "median": 38.1,
        "std_dev": 0.0,
        "variance": 0.0
      },
      "tick": 15,
      "sample_count": 1
    },
    "ecology.nee_map": {
      "stats": {
        "min": -0.47373481682261787,
        "max": -0.47373481682261787,
        "mean": -0.47373481682261787,
        "median": -0.47373481682261787,
        "std_dev": 0.0,
        "variance": 0.0
      },
      "tick": 15,
      "sample_count": 1
    },
    "ecology.npp_map": {
      "stats": {
        "min": 1.905,
        "max": 1.905,
        "mean": 1.905,
        "median": 1.905,
        "std_dev": 0.0,
        "variance": 0.0
      },
      "tick": 15,
      "sample_count": 1
    },
    "ecology.respiration_map": {
      "stats": {
        "min": 1.4312651831773822,
        "max": 1.4312651831773822,
        "mean": 1.4312651831773822,
        "median": 1.4312651831773822,
        "std_dev": 0.0,
        "variance": 0.0
      },
      "tick": 15,
      "sample_count": 1
    },
    "ecology.vegetation_map": {
      "stats": {
        "min": 0.8839907192575406,
        "max": 0.8839907192575406,
        "mean": 0.8839907192575406,
        "median": 0.8839907192575406,
        "std_dev": 0.0,
        "variance": 0.0
      },
      "tick": 15,
      "sample_count": 1
    },
    "elevation.map": {
      "stats": {
        "min": 1088.0,
        "max": 1088.0,
        "mean": 1088.0,
        "median": 1088.0,
        "std_dev": 0.0,
        "variance": 0.0
      },
      "tick": 15,
      "sample_count": 1
    },
    "hydrology.evaporation": {
      "stats": {
        "min": 0.000039403133330202675,
        "max": 0.000039403133330202675,
        "mean": 0.000039403133330202675,
        "median": 0.000039403133330202675,
        "std_dev": 0.0,
        "variance": 0.0
      },
      "tick": 15,
      "sample_count": 1
    },
    "hydrology.ice_map": {
      "stats": {
        "min": 0.0,
        "max": 0.0,
        "mean": 0.0,
        "median": 0.0,
        "std_dev": 0.0,
        "variance": 0.0
      },
      "tick": 15,
      "sample_count": 1
    },
    "hydrology.precipitation": {
      "stats": {
        "min": 0.00001,
        "max": 0.00001,
        "mean": 0.00001,
        "median": 0.00001,
        "std_dev": 0.0,
        "variance": 0.0
      },
      "tick": 15,
      "sample_count": 1
    },
    "hydrology.runoff": {
      "stats": {
        "min": 0.0,
        "max": 0.0,
        "mean": 0.0,
        "median": 0.0,
        "std_dev": 0.0,
        "variance": 0.0
      },
      "tick": 15,
      "sample_count": 1
    },
    "hydrology.sediment": {
      "stats": {
        "min": 0.0,
        "max": 0.0,
        "mean": 0.0,
        "median": 0.0,
        "std_dev": 0.0,
        "variance": 0.0
      },
      "tick": 15,
      "sample_count": 1
    },
    "hydrology.water_mass_map": {
      "stats": {
        "min": 0.0,
        "max": 0.0,
        "mean": 0.0,
        "median": 0.0,
        "std_dev": 0.0,
        "variance": 0.0
      },
      "tick": 15,
      "sample_count": 1
    },
    "hydrology.water_phase": {
      "stats": {
        "min": 1.0,
        "max": 1.0,
        "mean": 1.0,
        "median": 1.0,
        "std_dev": 0.0,
        "variance": 0.0
      },
      "tick": 15,
      "sample_count": 1
    },
    "hydrology.water_presence": {
      "stats": {
        "min": 0.0,
        "max": 0.0,
        "mean": 0.0,
        "median": 0.0,
        "std_dev": 0.0,
        "variance": 0.0
      },
      "tick": 15,
      "sample_count": 1
    },
    "hydrology.weathering": {
      "stats": {
        "min": 0.010447211419526993,
        "max": 0.010447211419526993,
        "mean": 0.010447211419526993,
        "median": 0.010447211419526993,
        "std_dev": 0.0,
        "variance": 0.0
      },
      "tick": 15,
      "sample_count": 1
    },
    "isostasy.elevation_field": {
      "stats": {
        "min": 0.0,
        "max": 0.0,
        "mean": 0.0,
        "median": 0.0,
        "std_dev": 0.0,
        "variance": 0.0
      },
      "tick": 15,
      "sample_count": 1
    },
    "pressure.crustal": {
      "stats": {
        "min": 928087488.7782328,
        "max": 928087488.7782328,
        "mean": 928087488.7782328,
        "median": 928087488.7782328,
        "std_dev": 0.0,
        "variance": 0.0
      },
      "tick": 15,
      "sample_count": 1
    },
    "stress.boundary": {
      "stats": {
        "min": 544000.0,
        "max": 544000.0,
        "mean": 544000.0,
        "median": 544000.0,
        "std_dev": 0.0,
        "variance": 0.0
      },
      "tick": 15,
      "sample_count": 1
    },
    "thermal.core": {
      "stats": {
        "min": 5493.320318478879,
        "max": 5493.320318478879,
        "mean": 5493.320318478879,
        "median": 5493.320318478879,
        "std_dev": 0.0,
        "variance": 0.0
      },
      "tick": 15,
      "sample_count": 1
    },
    "thermal.heat_flow": {
      "stats": {
        "min": 0.11211125,
        "max": 0.11211125,
        "mean": 0.11211125,
        "median": 0.11211125,
        "std_dev": 0.0,
        "variance": 0.0
      },
      "tick": 15,
      "sample_count": 1
    },
    "thermal.mantle": {
      "stats": {
        "min": 5000.0,
        "max": 5000.0,
        "mean": 5000.0,
        "median": 5000.0,
        "std_dev": 0.0,
        "variance": 0.0
      },
      "tick": 15,
      "sample_count": 1
    },
    "thickness.map": {
      "stats": {
        "min": 35000.0,
        "max": 35000.0,
        "mean": 35000.0,
        "median": 35000.0,
        "std_dev": 0.0,
        "variance": 0.0
      },
      "tick": 15,
      "sample_count": 1
    },
    "topography.dynamic": {
      "stats": {
        "min": 1088.0,
        "max": 1088.0,
        "mean": 1088.0,
        "median": 1088.0,
        "std_dev": 0.0,
        "variance": 0.0
      },
      "tick": 15,
      "sample_count": 1
    }
  }
}